{"cameraMode":{"drawMode":0,"name":"Shaded","section":"Shading Mode"},"sceneLighting":true,"audioPlay":false,"sceneViewState":{"showFog":true,"showMaterialUpdate":true,"showSkybox":true,"showFlares":true,"showImageEffects":true,"showParticleSystems":true},"in2DMode":false,"pivot":{"x":-0.21393966674804688,"y":4.651756763458252,"z":-5.846129417419434},"rotation":{"x":-0.10414239764213562,"y":-0.8889382481575012,"z":0.25059831142425539,"w":-0.3691060245037079},"size":11.347024917602539,"orthographic":false}