{"cameraMode":{"drawMode":0,"name":"Shaded","section":"Shading Mode"},"sceneLighting":true,"audioPlay":false,"sceneViewState":{"showFog":true,"showMaterialUpdate":true,"showSkybox":true,"showFlares":true,"showImageEffects":true,"showParticleSystems":true},"in2DMode":false,"pivot":{"x":-13.383121490478516,"y":2.584000587463379,"z":11.948959350585938},"rotation":{"x":-0.14846502244472505,"y":-0.7974581122398377,"z":0.21813155710697175,"w":-0.5427224636077881},"size":34.199195861816409,"orthographic":false}