{"cameraMode":{"drawMode":0,"name":"Shaded","section":"Shading Mode"},"sceneLighting":true,"audioPlay":false,"sceneViewState":{"showFog":true,"showMaterialUpdate":true,"showSkybox":true,"showFlares":true,"showImageEffects":true,"showParticleSystems":true},"in2DMode":false,"pivot":{"x":12.226922988891602,"y":-9.407770156860352,"z":-27.588796615600587},"rotation":{"x":0.044910430908203128,"y":0.9549175500869751,"z":-0.19754914939403535,"w":0.21704518795013429},"size":56.95231246948242,"orthographic":false}