{"cameraMode":{"drawMode":0,"name":"Shaded","section":"Shading Mode"},"sceneLighting":true,"audioPlay":false,"sceneViewState":{"showFog":true,"showMaterialUpdate":true,"showSkybox":true,"showFlares":true,"showImageEffects":true,"showParticleSystems":true},"in2DMode":false,"pivot":{"x":-0.9266864061355591,"y":-5.301125526428223,"z":-12.494726181030274},"rotation":{"x":0.009554659016430378,"y":0.9603487849235535,"z":-0.2766720950603485,"w":0.03314108029007912},"size":20.082189559936525,"orthographic":false}