{"cameraMode":{"drawMode":0,"name":"Shaded","section":"Shading Mode"},"sceneLighting":false,"audioPlay":false,"sceneViewState":{"showFog":true,"showMaterialUpdate":true,"showSkybox":true,"showFlares":true,"showImageEffects":true,"showParticleSystems":true},"in2DMode":false,"pivot":{"x":-0.1031036376953125,"y":24.774892807006837,"z":130.92063903808595},"rotation":{"x":0.019624866545200349,"y":-0.9556329846382141,"z":0.2865372598171234,"w":0.06549137830734253},"size":149.6868133544922,"orthographic":false}