{"cameraMode":{"drawMode":0,"name":"Shaded","section":"Shading Mode"},"sceneLighting":true,"audioPlay":false,"sceneViewState":{"showFog":true,"showMaterialUpdate":true,"showSkybox":true,"showFlares":true,"showImageEffects":true,"showParticleSystems":true},"in2DMode":false,"pivot":{"x":4.636279106140137,"y":7.175477981567383,"z":3.582551956176758},"rotation":{"x":-0.1799582540988922,"y":-0.8195474743843079,"z":0.367765337228775,"w":-0.4010188579559326},"size":8.252970695495606,"orthographic":false}