{"cameraMode":{"drawMode":0,"name":"Shaded","section":"Shading Mode"},"sceneLighting":true,"audioPlay":false,"sceneViewState":{"showFog":true,"showMaterialUpdate":true,"showSkybox":true,"showFlares":true,"showImageEffects":true,"showParticleSystems":true},"in2DMode":false,"pivot":{"x":-2.104511022567749,"y":13.603189468383789,"z":2.0665531158447267},"rotation":{"x":-0.017788581550121309,"y":-0.9822708368301392,"z":0.12471596151590347,"w":-0.13910092413425446},"size":39.391807556152347,"orthographic":false}