{"cameraMode":{"drawMode":0,"name":"Shaded","section":"Shading Mode"},"sceneLighting":true,"audioPlay":false,"sceneViewState":{"showFog":true,"showMaterialUpdate":true,"showSkybox":true,"showFlares":true,"showImageEffects":true,"showParticleSystems":true},"in2DMode":false,"pivot":{"x":0.9156378507614136,"y":1.9590551853179932,"z":-5.762763023376465},"rotation":{"x":-0.021026689559221269,"y":-0.9724700450897217,"z":0.0968916192650795,"w":-0.21091437339782716},"size":7.0241804122924809,"orthographic":false}