{"cameraMode":{"drawMode":0,"name":"Shaded","section":"Shading Mode"},"sceneLighting":true,"audioPlay":false,"sceneViewState":{"showFog":true,"showMaterialUpdate":true,"showSkybox":true,"showFlares":true,"showImageEffects":true,"showParticleSystems":true},"in2DMode":false,"pivot":{"x":0.672996997833252,"y":2.457590103149414,"z":-4.811521530151367},"rotation":{"x":-0.07957471907138825,"y":-0.908589243888855,"z":0.2024899125099182,"w":-0.3566715121269226},"size":2.2888283729553224,"orthographic":false}