{"cameraMode":{"drawMode":0,"name":"Shaded","section":"Shading Mode"},"sceneLighting":true,"audioPlay":false,"sceneViewState":{"showFog":true,"showMaterialUpdate":true,"showSkybox":false,"showFlares":true,"showImageEffects":true,"showParticleSystems":true},"in2DMode":false,"pivot":{"x":-2.2720131874084474,"y":1.2649495601654053,"z":2.56730580329895},"rotation":{"x":-0.0861884281039238,"y":0.815823495388031,"z":-0.12606294453144074,"w":-0.5577743649482727},"size":16.995769500732423,"orthographic":false}